<?xml version="1.0" encoding="UTF-8"?>
<beans xmlns="http://www.springframework.org/schema/beans"
       xmlns:xsi="http://www.w3.org/2001/XMLSchema-instance"
       xmlns:p="http://www.springframework.org/schema/p"
       xmlns:aop="http://www.springframework.org/schema/aop"
       xmlns:tx="http://www.springframework.org/schema/tx"
       xsi:schemaLocation="http://www.springframework.org/schema/beans http://www.springframework.org/schema/beans/spring-beans-3.1.xsd
       http://www.springframework.org/schema/aop http://www.springframework.org/schema/aop/spring-aop-3.1.xsd
       http://www.springframework.org/schema/tx http://www.springframework.org/schema/tx/spring-tx-3.1.xsd">

    <bean class="org.springframework.web.servlet.mvc.support.ControllerClassNameHandlerMapping"/>

    <!--
    Most controllers will use the ControllerClassNameHandlerMapping above, but
    for the index controller we are using ParameterizableViewController, so we must
    define an explicit mapping for it.
    -->
    <bean id="urlMapping" class="org.springframework.web.servlet.handler.SimpleUrlHandlerMapping">
        <property name="mappings">
            <props>
                <prop key="index.htm">indexController</prop>
            </props>
        </property>
    </bean>

    <bean id="viewResolver"
          class="org.springframework.web.servlet.view.InternalResourceViewResolver"
          p:prefix="/WEB-INF/jsp/"
          p:suffix=".jsp" />

    <!--
    The index controller.
    -->
    <bean name="indexController"
          class="org.springframework.web.servlet.mvc.ParameterizableViewController"
          p:viewName="index" />
    
    <bean name="anthentication" class="com.shop.controller.anthenticationController"/>
    <bean name="redirect" class="com.shop.controller.redirectController"/>
    <bean name="update" class="com.shop.controller.updateController"/>
    
    <!--<bean name="shopping" class="com.shop.controller.shoppingController"/>-->
    <bean name="displayall" class="com.shop.controller.displayAllController"/>
    <!--<bean name="checkoutcart" class="com.shop.controller.checkoutCartController"/>-->
    <bean name="checkout" class="com.shop.controller.checkoutController"/>
    <bean name="directcart" class="com.shop.controller.directCartController"/>
    
    <!--<bean name="test" class="com.shop.controller.testController"/>-->
    <bean name="order" class="com.shop.controller.orderController"/>
    <!--<bean name="page" class="com.shop.controller.pageController"/>-->
    <bean name="gosingle" class="com.shop.controller.goSingleController"/>
    <bean name="type" class="com.shop.controller.typeController"/>
    <bean name="manage" class="com.shop.controller.manageController"/>
    
</beans>
