<?xml version="1.0" encoding="UTF-8"?>
<project-private xmlns="http://www.netbeans.org/ns/project-private/1">
    <editor-bookmarks xmlns="http://www.netbeans.org/ns/editor-bookmarks/2" lastBookmarkId="0"/>
    <open-files xmlns="http://www.netbeans.org/ns/projectui-open-files/2">
        <group>
            <file>file:/Users/rachealchen/NetBeansProjects/Shopping-finalProject/src/java/com/shop/controller/anthenticationController.java</file>
            <file>file:/Users/rachealchen/NetBeansProjects/Shopping-finalProject/src/java/seller.hbm.xml</file>
            <file>file:/Users/rachealchen/NetBeansProjects/Shopping-finalProject/web/WEB-INF/jsp/checkout.jsp</file>
            <file>file:/Users/rachealchen/NetBeansProjects/Shopping-finalProject/web/WEB-INF/jsp/shoppingStart.jsp</file>
            <file>file:/Users/rachealchen/NetBeansProjects/Shopping-finalProject/src/java/com/shop/dao/productDao.java</file>
            <file>file:/Users/rachealchen/NetBeansProjects/Shopping-finalProject/web/WEB-INF/dispatcher-servlet.xml</file>
            <file>file:/Users/rachealchen/NetBeansProjects/Shopping-finalProject/src/java/customer.hbm.xml</file>
            <file>file:/Users/rachealchen/NetBeansProjects/Shopping-finalProject/web/WEB-INF/jsp/orderView.jsp</file>
            <file>file:/Users/rachealchen/NetBeansProjects/Shopping-finalProject/src/java/com/shop/controller/directCartController.java</file>
            <file>file:/Users/rachealchen/NetBeansProjects/Shopping-finalProject/src/java/com/shop/pojo/order_product.java</file>
            <file>file:/Users/rachealchen/NetBeansProjects/Shopping-finalProject/src/java/com/shop/controller/displayAllController.java</file>
            <file>file:/Users/rachealchen/NetBeansProjects/Shopping-finalProject/web/WEB-INF/jsp/register.jsp</file>
            <file>file:/Users/rachealchen/NetBeansProjects/Shopping-finalProject/web/WEB-INF/jsp/single.jsp</file>
            <file>file:/Users/rachealchen/NetBeansProjects/Shopping-finalProject/src/java/address.hbm.xml</file>
            <file>file:/Users/rachealchen/NetBeansProjects/Shopping-finalProject/src/java/com/shop/pojo/address.java</file>
            <file>file:/Users/rachealchen/NetBeansProjects/Shopping-finalProject/src/java/com/shop/controller/goSingleController.java</file>
            <file>file:/Users/rachealchen/NetBeansProjects/Shopping-finalProject/src/java/order_product.hbm.xml</file>
            <file>file:/Users/rachealchen/NetBeansProjects/Shopping-finalProject/web/WEB-INF/jsp/login.jsp</file>
            <file>file:/Users/rachealchen/NetBeansProjects/Shopping-finalProject/src/java/com/shop/controller/orderController.java</file>
            <file>file:/Users/rachealchen/NetBeansProjects/Shopping-finalProject/web/WEB-INF/jsp/management.jsp</file>
            <file>file:/Users/rachealchen/NetBeansProjects/Shopping-finalProject/src/java/com/shop/controller/updateController.java</file>
            <file>file:/Users/rachealchen/NetBeansProjects/Shopping-finalProject/src/java/com/shop/pojo/seller.java</file>
            <file>file:/Users/rachealchen/NetBeansProjects/Shopping-finalProject/web/WEB-INF/jsp/orderConfirm.jsp</file>
            <file>file:/Users/rachealchen/NetBeansProjects/Shopping-finalProject/src/java/com/shop/dao/sellerDao.java</file>
            <file>file:/Users/rachealchen/NetBeansProjects/Shopping-finalProject/src/java/com/shop/pojo/product.java</file>
            <file>file:/Users/rachealchen/NetBeansProjects/Shopping-finalProject/web/WEB-INF/jsp/choiceFailed.jsp</file>
            <file>file:/Users/rachealchen/NetBeansProjects/Shopping-finalProject/src/java/com/shop/dao/customerDao.java</file>
            <file>file:/Users/rachealchen/NetBeansProjects/Shopping-finalProject/src/java/com/shop/controller/redirectController.java</file>
            <file>file:/Users/rachealchen/NetBeansProjects/Shopping-finalProject/web/WEB-INF/jsp/index.jsp</file>
            <file>file:/Users/rachealchen/NetBeansProjects/Shopping-finalProject/src/java/oorder.hbm.xml</file>
            <file>file:/Users/rachealchen/NetBeansProjects/Shopping-finalProject/src/java/com/shop/dao/orderDao.java</file>
            <file>file:/Users/rachealchen/NetBeansProjects/Shopping-finalProject/src/java/hibernate.cfg.xml</file>
            <file>file:/Users/rachealchen/NetBeansProjects/Shopping-finalProject/web/WEB-INF/jsp/profile.jsp</file>
            <file>file:/Users/rachealchen/NetBeansProjects/Shopping-finalProject/web/WEB-INF/applicationContext.xml</file>
            <file>file:/Users/rachealchen/NetBeansProjects/Shopping-finalProject/src/java/com/shop/controller/typeController.java</file>
            <file>file:/Users/rachealchen/NetBeansProjects/Shopping-finalProject/src/java/com/shop/dao/addressDao.java</file>
            <file>file:/Users/rachealchen/NetBeansProjects/Shopping-finalProject/src/java/com/shop/pojo/oorder.java</file>
            <file>file:/Users/rachealchen/NetBeansProjects/Shopping-finalProject/src/java/com/shop/dao/orderproductDao.java</file>
            <file>file:/Users/rachealchen/NetBeansProjects/Shopping-finalProject/src/java/product.hbm.xml</file>
            <file>file:/Users/rachealchen/NetBeansProjects/Shopping-finalProject/src/java/com/shop/controller/manageController.java</file>
            <file>file:/Users/rachealchen/NetBeansProjects/Shopping-finalProject/web/WEB-INF/jsp/orderFinish.jsp</file>
            <file>file:/Users/rachealchen/NetBeansProjects/Shopping-finalProject/src/java/com/shop/controller/checkoutController.java</file>
            <file>file:/Users/rachealchen/NetBeansProjects/Shopping-finalProject/src/java/com/shop/pojo/customer.java</file>
            <file>file:/Users/rachealchen/NetBeansProjects/Shopping-finalProject/web/WEB-INF/jsp/failed.jsp</file>
        </group>
    </open-files>
</project-private>
